{
	"class_name" : "PinholeCameraParameters",
	"extrinsic" : 
	[
		-0.4158552170733808,
		-0.55822525025555569,
		0.71794777554497213,
		0.0,
		0.79164135052726736,
		0.16637067353539539,
		0.58789860615819056,
		0.0,
		-0.44762530152820412,
		0.81283784912152146,
		0.37272807845302347,
		0.0,
		802.88406323021854,
		-1115.0636775429905,
		1258.3581593989379,
		1.0
	],
	"intrinsic" : 
	{
		"height" : 1080,
		"intrinsic_matrix" : 
		[
			935.30743608719376,
			0.0,
			0.0,
			0.0,
			935.30743608719376,
			0.0,
			959.5,
			539.5,
			1.0
		],
		"width" : 1920
	},
	"version_major" : 1,
	"version_minor" : 0
}