{
	"class_name" : "PinholeCameraParameters",
	"extrinsic" : 
	[
		0.066696128292270951,
		-0.61208285250659122,
		0.7879760200273962,
		0.0,
		0.82202631252045411,
		0.48132335258786785,
		0.30430342058149751,
		0.0,
		-0.56553016541546719,
		0.62744116211878365,
		0.53525061427726051,
		0.0,
		1026.0276280062744,
		-773.27330404571762,
		958.99282271118386,
		1.0
	],
	"intrinsic" : 
	{
		"height" : 1080,
		"intrinsic_matrix" : 
		[
			935.30743608719376,
			0.0,
			0.0,
			0.0,
			935.30743608719376,
			0.0,
			959.5,
			539.5,
			1.0
		],
		"width" : 1920
	},
	"version_major" : 1,
	"version_minor" : 0
}