{
	"class_name" : "PinholeCameraParameters",
	"extrinsic" : 
	[
		0.40157022299299783,
		-0.51045312418913891,
		0.76038080197418301,
		0.0,
		-0.23522049703595202,
		-0.85990010319639676,
		-0.45303766984323296,
		0.0,
		0.88510602403300465,
		0.0030692879262120554,
		-0.46537931377760267,
		0.0,
		-4132.7393360658989,
		-3985.5160394988266,
		11629.550858125849,
		1.0
	],
	"intrinsic" : 
	{
		"height" : 1494,
		"intrinsic_matrix" : 
		[
			1293.8419532539515,
			0.0,
			0.0,
			0.0,
			1293.8419532539515,
			0.0,
			1279.5,
			746.5,
			1.0
		],
		"width" : 2560
	},
	"version_major" : 1,
	"version_minor" : 0
}