{
	"class_name" : "PinholeCameraParameters",
	"extrinsic" : 
	[
		0.62137404172434441,
		0.58448603590789405,
		-0.52179533736880856,
		0.0,
		0.55753813748902925,
		-0.79775178887510723,
		-0.22965911388802068,
		0.0,
		-0.55049570889918598,
		-0.14821658873163424,
		-0.82157550919458422,
		0.0,
		-3791.7052656272881,
		1178.7185587559854,
		8532.6932728319698,
		1.0
	],
	"intrinsic" : 
	{
		"height" : 1494,
		"intrinsic_matrix" : 
		[
			1293.8419532539515,
			0.0,
			0.0,
			0.0,
			1293.8419532539515,
			0.0,
			1279.5,
			746.5,
			1.0
		],
		"width" : 2560
	},
	"version_major" : 1,
	"version_minor" : 0
}